{"stats":{"minecraft:picked_up":{"minecraft:oak_leaves":2},"minecraft:dropped":{"minecraft:netherite_pickaxe":1},"minecraft:custom":{"minecraft:jump":72,"minecraft:time_since_rest":29276,"minecraft:damage_dealt":10,"minecraft:crouch_one_cm":31,"minecraft:leave_game":2,"minecraft:sprint_one_cm":3194,"minecraft:play_time":29276,"minecraft:time_since_death":29276,"minecraft:walk_one_cm":6439,"minecraft:sneak_time":245,"minecraft:total_world_time":29276,"minecraft:interact_with_anvil":1,"minecraft:drop":1,"minecraft:fly_one_cm":74808,"minecraft:fall_one_cm":1045},"minecraft:mined":{"minecraft:short_grass":3,"minecraft:oak_leaves":2},"minecraft:used":{"minecraft:netherite_pickaxe":2,"minecraft:stone":19,"minecraft:dirt":15,"minecraft:anvil":1}},"DataVersion":3700}