{"stats":{"minecraft:picked_up":{"minecraft:oak_log":25,"minecraft:oak_planks":13,"minecraft:dirt":11},"minecraft:custom":{"minecraft:time_since_rest":1794,"minecraft:damage_taken":525,"minecraft:sprint_one_cm":72,"minecraft:play_time":23668,"minecraft:deaths":2,"minecraft:walk_one_cm":46157,"minecraft:jump":52,"minecraft:damage_dealt":72,"minecraft:leave_game":2,"minecraft:time_since_death":0,"minecraft:total_world_time":23668,"minecraft:fall_one_cm":269,"minecraft:fly_one_cm":961},"minecraft:killed_by":{"minecraft:zombie":2},"minecraft:mined":{"minecraft:short_grass":2,"minecraft:grass_block":3,"minecraft:oak_log":25,"minecraft:dirt":8,"minecraft:tall_grass":1,"minecraft:oak_planks":13,"minecraft:oak_leaves":4},"minecraft:crafted":{"minecraft:oak_planks":68,"minecraft:oak_wood":3},"minecraft:used":{"minecraft:oak_log":5,"minecraft:dirt":11,"minecraft:oak_planks":35}},"DataVersion":3700}